<resources>

    <!-- Base application theme. -->
    <style name="AppTheme" parent="Theme.MaterialComponents.Light.DarkActionBar">
	
		<!-- Customize your theme here. -->
        <item name="colorPrimary">@color/colorPrimary</item>
        <item name="colorPrimaryDark">@color/colorPrimaryDark</item>
        <item name="colorAccent">@color/colorAccent</item>

		<item name="android:windowLightNavigationBar">true</item>
		<item name="android:navigationBarColor">#80FFFFFF</item>
	</style>

	
</resources>
